sym,dteb,otm,ratio
BANKNIFTY,1,-4,1.4576980406261497
BANKNIFTY,1,-3,1.3910148684561485
BANKNIFTY,1,-2,1.3425827162884256
BANKNIFTY,1,-1,1.3188075834931285
BANKNIFTY,1,0,1.3177390287716821
BANKNIFTY,1,1,1.327558525570537
BANKNIFTY,1,2,1.3370782268964705
BANKNIFTY,1,3,1.3500790745251354
BANKNIFTY,1,4,1.3779183221662252
BANKNIFTY,2,-4,1.3086586678614964
BANKNIFTY,2,-3,1.2830257414421826
BANKNIFTY,2,-2,1.2839103419445914
BANKNIFTY,2,-1,1.2666560835259926
BANKNIFTY,2,0,1.268713583835963
BANKNIFTY,2,1,1.2819931867217549
BANKNIFTY,2,2,1.2853388316798768
BANKNIFTY,2,3,1.2835790432203509
BANKNIFTY,2,4,1.2892760212309193
BANKNIFTY,3-4,-4,1.0719867769986342
BANKNIFTY,3-4,-3,1.054657264411993
BANKNIFTY,3-4,-2,1.0515399112077883
BANKNIFTY,3-4,-1,1.0485434209997146
BANKNIFTY,3-4,0,1.0579263190613788
BANKNIFTY,3-4,1,1.0595116299027527
BANKNIFTY,3-4,2,1.0506735835543086
BANKNIFTY,3-4,3,1.0373473507427189
BANKNIFTY,3-4,4,1.0380648489291406
BANKNIFTY,5-7,-4,1.0671107740859676
BANKNIFTY,5-7,-3,1.0634499884093727
BANKNIFTY,5-7,-2,1.0693624213175115
BANKNIFTY,5-7,-1,1.0740140329376189
BANKNIFTY,5-7,0,1.0735475020996654
BANKNIFTY,5-7,1,1.0761756794196946
BANKNIFTY,5-7,2,1.0828407046672976
BANKNIFTY,5-7,3,1.0794413830344711
BANKNIFTY,5-7,4,1.0783193662191555
BANKNIFTY,8-14,-4,1.1032142381984964
BANKNIFTY,8-14,-3,1.1026373859609477
BANKNIFTY,8-14,-2,1.1021743842856264
BANKNIFTY,8-14,-1,1.100432865430325
BANKNIFTY,8-14,0,1.1049955972695258
BANKNIFTY,8-14,1,1.1059814748483054
BANKNIFTY,8-14,2,1.1045725090968708
BANKNIFTY,8-14,3,1.1045998459753892
BANKNIFTY,8-14,4,1.1035414115116065
BANKNIFTY,15+,-4,1.0488747849821642
BANKNIFTY,15+,-3,1.0493954758950375
BANKNIFTY,15+,-2,1.0472575052956776
BANKNIFTY,15+,-1,1.051349192502337
BANKNIFTY,15+,0,1.0548426975554634
BANKNIFTY,15+,1,1.0555199045463066
BANKNIFTY,15+,2,1.0549486837310194
BANKNIFTY,15+,3,1.054764042659912
BANKNIFTY,15+,4,1.0553248162572142
NIFTY,1,-4,1.3174737675314738
NIFTY,1,-3,1.2181985578557057
NIFTY,1,-2,1.1288981035623622
NIFTY,1,-1,1.080555714680092
NIFTY,1,0,1.0782496287591552
NIFTY,1,1,1.076646406286677
NIFTY,1,2,1.0974440270948485
NIFTY,1,3,1.1287827834202253
NIFTY,1,4,1.1668652916951547
NIFTY,2,-4,1.0723814519227455
NIFTY,2,-3,1.039308643875428
NIFTY,2,-2,1.0168768901916831
NIFTY,2,-1,1.0026840332366076
NIFTY,2,0,1.005932914848271
NIFTY,2,1,1.017059670930243
NIFTY,2,2,1.0170811043136214
NIFTY,2,3,1.0336895199998462
NIFTY,2,4,1.0500389587432117
NIFTY,3-4,-4,0.9814308129261743
NIFTY,3-4,-3,0.9502907980925753
NIFTY,3-4,-2,0.9398551202910617
NIFTY,3-4,-1,0.9389353652150738
NIFTY,3-4,0,0.9366208931424598
NIFTY,3-4,1,0.9400380400247321
NIFTY,3-4,2,0.9480647802736386
NIFTY,3-4,3,0.9542088264473514
NIFTY,3-4,4,0.9562777808214331
NIFTY,5-7,-4,0.9081130325606859
NIFTY,5-7,-3,0.8921057339460274
NIFTY,5-7,-2,0.8848440466100451
NIFTY,5-7,-1,0.8815620785720667
NIFTY,5-7,0,0.8865349661652313
NIFTY,5-7,1,0.8877466611431606
NIFTY,5-7,2,0.8857873843242259
NIFTY,5-7,3,0.8879134657739878
NIFTY,5-7,4,0.8967977920340483
NIFTY,8-14,-4,0.9238824943533004
NIFTY,8-14,-3,0.923307622738813
NIFTY,8-14,-2,0.9212563340130975
NIFTY,8-14,-1,0.9196380038514479
NIFTY,8-14,0,0.9214483099946514
NIFTY,8-14,1,0.9217493957260192
NIFTY,8-14,2,0.9219671211798997
NIFTY,8-14,3,0.9216872841605778
NIFTY,8-14,4,0.9214739251325351
NIFTY,15+,-4,0.9728859236136453
NIFTY,15+,-3,0.9712852738887359
NIFTY,15+,-2,0.961802023255932
NIFTY,15+,-1,0.948688224276444
NIFTY,15+,0,0.9581732303258583
NIFTY,15+,1,0.9608880768735246
NIFTY,15+,2,0.9695909983595826
NIFTY,15+,3,0.9603157441060666
NIFTY,15+,4,0.9509679024689379
